Bphone,Bname
18237871834,周娜
12964508117,吴秀英
12508243198,周杰
12293851602,周芳
19042835025,刘平
12399775719,张强
15660373732,赵杰
14097098573,王霞
10180549223,杨洋
13202751144,周勇
19232116860,陈敏
10235629044,周强
10171072146,王霞
15909168088,王芳
19094743439,刘磊
14166648403,杨丽
16729503747,陈霞
15313287095,吴强
19162890928,杨勇
19912373573,吴霞
11988951006,张超
14368318801,李秀英
18893931311,杨明
16196972513,刘敏
11075875138,吴强
16143033698,陈涛
10263770441,杨明
18338757247,张军
10213810993,吴明
17466403945,周磊
16203540008,吴明
11012083346,王秀兰
13331042851,王娜
16847203596,黄霞
18409759866,王涛
11998149496,吴磊
13780558590,吴霞
15441579951,刘秀兰
18826541466,杨芳
13860423373,黄秀英
19237737604,杨明
17885135188,张静
11882497285,王伟
12449453828,王军
10087222265,张明
19660283964,杨勇
14235650998,周平
16210968278,刘丽
11788866676,刘磊
19475983766,黄勇
15888101287,李洋
16228483541,张霞
15641165481,赵洋
14594377461,张伟
14275177144,杨明
13013038166,赵强
16313518227,吴超
13893931994,赵强
17175136082,周平
10966064354,李丽
16636626181,吴秀英
12746789341,周明
19642001549,周娜
17122924010,刘勇
18370708613,黄平
12733144864,杨静
11609145861,杨勇
16887844840,陈伟
17675596357,王杰
16236385906,李超
18880429026,杨强
10450439704,张秀兰
15879685643,张强
18375734060,陈军
15318487421,王艳
12813706618,黄霞
19145098459,李霞
11816638466,赵磊
13328168585,陈秀兰
16262369695,陈秀英
17559768584,张超
11300279610,刘丽
17081878752,刘芳
19399350267,黄强
19767567921,王静
19710221804,李芳
11309664537,陈超
12105450223,陈军
12759890649,吴平
12083712705,陈超
18408159195,张娜
12626828874,王敏
10700120894,黄艳
14065667570,周秀英
12662938012,杨秀兰
12628986908,李秀英
10535027729,周敏
11281178899,黄秀兰
10621593622,王丽
13463553340,赵强
17623634474,王静
16028817678,周伟
18572028561,杨强
18581503029,吴静
17115581790,黄强
10302934409,陈秀英
17588251636,王超
12924837808,黄静
12521168643,王明
16456421515,吴敏
10219550762,王丽
14981867816,刘静
17345231285,杨敏
16195857069,周伟
18765305287,杨勇
15776014282,周杰
12070553284,王敏
14525569325,周明
11549573181,赵涛
17915786603,张娜
