Dphone,Dname,Clicense
16022768040,赵强,鲁T01652
15808631930,王勇,苏T20419
10268310679,赵秀英,浙I48136
17606524296,赵洋,沪H88409
15724861175,吴杰,鄂M39147
18116535425,张秀英,豫Y26144
19825198266,李勇,冀R99954
11398225078,周敏,渝V45284
12572396451,赵娜,黑A52206
12980262195,黄强,赣Z40634
18066078115,李杰,冀I48088
10650072448,张静,浙A92744
19957129557,张芳,鄂P58190
11562182564,吴霞,鲁K92723
16237049902,刘敏,苏C83187
16960826911,王秀兰,渝I22368
15290680319,李涛,豫W40089
15851138788,赵强,津L78461
19898807398,赵磊,冀Z73041
19388263207,陈超,浙V95919
11921473653,吴丽,辽B70957
17630633873,刘杰,黑M65163
17154832763,黄涛,晋Q49710
15638762102,黄平,粤O46164
12607714195,张秀兰,蒙D48695
19867585874,刘强,辽Y74247
12380131243,黄杰,沪G83790
18549238857,吴强,赣H24367
17899595604,黄静,沪I32373
17820059367,张伟,蒙G86241
19423697713,吴伟,吉S69370
16617861973,杨勇,粤Q60444
13841156697,黄杰,鄂I32924
17563434322,吴磊,豫A51245
12474024263,周超,苏N95343
12737961725,周平,吉D82337
11002967102,黄涛,黑F92810
14561890254,吴平,蒙Y54489
13667922611,王静,京N45227
17469766945,李磊,渝C07589
14434254587,吴磊,京C26850
17857154294,黄娜,赣L43114
14647002178,张秀兰,闽N05644
10212840677,刘秀兰,京R42819
16192744441,赵平,鲁X88274
19582259415,陈洋,豫Y54316
15270778368,李明,沪E55884
15474614936,王洋,豫M96845
16262209771,李军,京B30342
14611636452,刘涛,辽V08961
14356428134,赵艳,鄂L59296
12567064927,吴勇,蒙U12776
11060703193,杨静,晋E78352
11999288407,赵艳,豫L03213
17236364693,吴强,粤U89341
19340814679,杨霞,渝N68692
16242393960,刘丽,津O02690
13972855827,吴伟,辽E95718
11375021410,黄勇,鲁S15907
18549044649,王娜,黑T11657
13525471685,赵杰,闽H48373
13296400473,李秀兰,沪S95648
19490231514,王勇,豫L12245
17665666027,陈勇,京F85416
10724337750,张敏,冀Y66264
14271426460,杨平,沪A29772
11441525633,张杰,京O98557
14103868908,赵杰,鄂M53333
11515937882,李磊,晋F67617
14774956686,李涛,粤P43205
13408088654,周芳,闽Z51659
14889060795,吴静,苏L93760
16335328961,王霞,渝L36617
10563179990,杨超,苏A31294
12108178803,吴敏,湘M11669
17037967722,黄丽,苏V99423
15988126851,周秀英,吉C72914
19243005293,张洋,津W67128
16174002857,周杰,津Y23047
14195052146,赵霞,皖F60905
15953469207,陈强,津Y57133
16869411790,赵芳,晋B33384
10628062744,黄艳,黑F44958
17068530636,杨静,闽L47964
16706457108,黄芳,渝C26390
11434013329,张静,赣Q35224
19294184840,陈勇,粤R58879
16751217053,周敏,湘C03744
14513045185,吴静,渝N58853
11929520192,刘平,豫C51916
17685800656,吴杰,湘U08563
12844614431,陈勇,浙E75121
14109849989,陈丽,冀P94840
13425025862,张秀英,皖E87734
15150572961,王艳,苏Z95316
14007851819,陈静,浙T72385
17283695776,张平,赣I97757
15166816091,张涛,黑N16479
18701236531,周洋,豫L68682
14922997764,黄勇,豫Z72558
13371090967,赵丽,豫I96165
12656047170,周静,皖U98419
13690557991,李芳,浙Z49998
10519295498,黄磊,晋Z11421
17757188850,王静,渝P32227
19370660134,周军,津U92621
11764545622,吴娜,鲁O53918
19251846748,黄芳,闽E54048
17387503099,王明,沪J47796
14938936656,陈秀英,冀R31987
19474324118,王芳,皖T78021
10570742280,周军,蒙X55782
18954255716,周明,沪L96734
11374837895,杨秀兰,鲁E32304
13580360085,周丽,赣G83909
19194262957,杨涛,豫U32540
19489345212,吴霞,皖J13384
16628964171,周明,冀R99580
18001601240,吴明,赣A05052
19086891011,周磊,苏I70942
16280960434,张静,粤P86399
18929652962,周霞,沪F93957
17301283837,李娜,鲁X90483
17937029439,杨静,鄂V37220
12371330947,王敏,粤F45510
15578047759,赵霞,鲁F61221
11227397464,李军,京M36833
18891392399,刘明,鄂Z23831
15556594742,王杰,赣E62677
10944596573,周平,粤D76360
19637940255,吴霞,蒙O34661
19429087337,周明,苏P07400
17031897553,杨涛,蒙Z41640
16153727801,周静,苏K11649
13331341689,吴娜,渝K13165
14131666954,李静,黑O68941
13564474157,赵军,沪I22757
14552595774,赵杰,津X87294
13849728537,杨静,湘E78855
15192595981,杨芳,辽U18278
17645244680,周磊,苏O93077
17463052422,刘洋,豫S18787
10680914949,李军,冀I03066
10677400205,周涛,京A68941
10371381771,李娜,鲁S06476
11468017539,陈敏,蒙I62672
19088261367,赵明,浙D26080
13338451490,吴娜,京I29932
17744651009,李秀兰,黑M57663
14922916066,李秀英,京W10435
