username,password,phone
user1,pass001,13515700040
user2,pass002,13451404847
user3,pass003,13806328706
user4,pass004,13563199588
user5,pass005,13662740617
user6,pass006,13608073284
user7,pass007,13815576370
user8,pass008,13905256081
user9,pass009,13994030197
user10,pass010,13822415214
user11,pass011,13507943097
user12,pass012,13750573494
user13,pass013,13559398171
user14,pass014,13341870813
user15,pass015,13759424532
user16,pass016,13676254050
user17,pass017,13240305285
user18,pass018,13794311914
user19,pass019,13514629348
user20,pass020,13361606799
user21,pass021,13634863606
user22,pass022,13963835880
user23,pass023,13284673038
user24,pass024,13529501161
user25,pass025,13298184336
user26,pass026,13763156703
user27,pass027,13790469834
user28,pass028,13548386756
user29,pass029,13689855515
user30,pass030,13451082746
user31,pass031,13299625568
user32,pass032,13841047840
user33,pass033,13383557027
user34,pass034,13288053695
user35,pass035,13276915854
user36,pass036,13699771902
user37,pass037,13781476035
user38,pass038,13955477293
user39,pass039,13933355264
user40,pass040,13589540789
user41,pass041,13834466497
user42,pass042,13570287855
user43,pass043,13882364408
user44,pass044,13534047703
user45,pass045,13885622328
user46,pass046,13734190130
user47,pass047,13781961055
user48,pass048,13822552835
user49,pass049,13966945479
user50,pass050,13401120268
user51,pass051,13930438053
user52,pass052,13585927714
user53,pass053,13367011629
user54,pass054,13196211735
user55,pass055,13196524146
user56,pass056,13678225016
user57,pass057,13941499989
user58,pass058,13132623342
user59,pass059,13399805865
user60,pass060,13550192648
user61,pass061,13465020016
user62,pass062,13358497693
user63,pass063,13422251160
user64,pass064,13217203367
user65,pass065,13749324993
user66,pass066,13621174773
user67,pass067,13758303681
user68,pass068,13765372693
user69,pass069,13940031690
user70,pass070,13451316211
user71,pass071,13515810246
user72,pass072,13808057689
user73,pass073,13501284803
user74,pass074,13870510161
user75,pass075,13270381945
user76,pass076,13900800534
user77,pass077,13707996060
user78,pass078,13818984301
user79,pass079,13501420484
user80,pass080,13556869744
user81,pass081,13710337839
user82,pass082,13381524181
user83,pass083,13583028223
user84,pass084,13930773524
user85,pass085,13238747005
user86,pass086,13506349900
user87,pass087,13446343413
user88,pass088,13692368681
user89,pass089,13348871390
user90,pass090,13375318975
user91,pass091,13913140559
user92,pass092,13925524343
user93,pass093,13273332320
user94,pass094,13438467811
user95,pass095,13460454804
user96,pass096,13543611330
user97,pass097,13311751562
user98,pass098,13643438588
user99,pass099,13375162123
user100,pass100,13529844438
