dno,dname
1,车主1
2,车主2
3,车主3
4,车主4
5,车主5
6,车主6
7,车主7
8,车主8
9,车主9
10,车主10
11,车主11
12,车主12
13,车主13
14,车主14
15,车主15
16,车主16
17,车主17
18,车主18
19,车主19
20,车主20
21,车主21
22,车主22
23,车主23
24,车主24
25,车主25
26,车主26
27,车主27
28,车主28
29,车主29
30,车主30
31,车主31
32,车主32
33,车主33
34,车主34
35,车主35
36,车主36
37,车主37
38,车主38
39,车主39
40,车主40
41,车主41
42,车主42
43,车主43
44,车主44
45,车主45
46,车主46
47,车主47
48,车主48
49,车主49
50,车主50
51,车主51
52,车主52
53,车主53
54,车主54
55,车主55
56,车主56
57,车主57
58,车主58
59,车主59
60,车主60
61,车主61
62,车主62
63,车主63
64,车主64
65,车主65
66,车主66
67,车主67
68,车主68
69,车主69
70,车主70
71,车主71
72,车主72
73,车主73
74,车主74
75,车主75
76,车主76
77,车主77
78,车主78
79,车主79
80,车主80
81,车主81
82,车主82
83,车主83
84,车主84
85,车主85
86,车主86
87,车主87
88,车主88
89,车主89
90,车主90
91,车主91
92,车主92
93,车主93
94,车主94
95,车主95
96,车主96
97,车主97
98,车主98
99,车主99
100,车主100
