"Dphone","Clicense"
"19320637702","藏N38895"
"19625383283","赣U89794"
"11538174168","闽W92932"
"18502928984","甘R08105"
"11965225258","浙Y21342"
"13619963022","桂G59528"
"18686018483","吉Z60920"
"17439792777","新U65669"
"11309496349","渝C67257"
"12973176415","沪F49711"
"11072873235","琼Z81475"
"18979911916","陕Z02772"
"19479924357","琼B14438"
"16673977773","吉I23073"
"13636403606","渝A88236"
"16257698089","辽P77728"
"12340356462","吉H24918"
"18391695588","新N31689"
"15834325384","黑B58545"
"13292622503","新P80079"
"10112162377","贵G19415"
"15553039915","青P97650"
"11010034320","沪B13415"
"11970439103","苏X65254"
"15330580986","蒙M91165"
"11126140044","湘B91944"
"11817370593","新A03528"
"15553039915","鄂U67295"
"18166832026","皖H19025"
"10550336289","新D64356"
"10740531519","贵X14295"
"11309496349","豫T37986"
"16589028287","闽U30336"
"16673977773","粤C27375"
"12534074203","黑D60638"
"11538174168","冀W14981"
"10112162377","川H80717"
"15330580986","湘D80622"
"17948165897","沪N03032"
"12536682609","鄂Z26907"
"11165565783","苏I68915"
"18481999653","京C32812"
"14581925893","黑R84554"
"15553039915","琼I40027"
"19433035372","鄂I42521"
"14581925893","鄂W03576"
"11575440208","甘B18848"
"15834325384","沪I60812"
"16426616636","贵J66636"
"10644062097","吉D62567"
"10550336289","晋N12146"
"12536682609","晋G95799"
"14307063062","晋X77031"
"17759357361","粤N68525"
"13572739240","京R54665"
"14169457515","云B85971"
"19274056546","粤R35043"
"13619963022","川P35075"
"18238767783","桂S86070"
"16589028287","宁Y10276"
"10871735796","吉K63550"
"16673977773","湘D06159"
"19320637702","云Y77118"
"12177142935","云Y75694"
"12973176415","蒙P19704"
"12585334270","浙U71998"
"14598897384","赣H73355"
"18481999653","甘G95789"
"13565170037","苏N78527"
"12966375073","津J76301"
"12177142935","苏G08966"
"11309496349","甘R08990"
"16295948114","皖I22218"
"18686018483","甘W79482"
"11661110003","沪M21946"
"18391695588","冀U17490"
"17948165897","宁K29971"
"12874895035","吉L93690"
"10112162377","沪Q68807"
"14967879886","湘H04050"
"13292622503","蒙F30036"
"11309496349","粤Y25620"
"17488167359","辽Y37060"
"11309496349","晋H48637"
"10871735796","皖X42113"
"12534074203","桂S86845"
"10990839358","京D07569"
"12536682609","青L18012"
"13619963022","琼Z89083"
"10112162377","琼L57793"
"16462977674","藏C56714"
"10090924179","辽O22638"
"17574150304","津V17302"
"17906909181","鲁F10626"
"19274056546","沪F66141"
"17759357361","晋Q69625"
"19274056546","青E63485"
"10871735796","晋I35965"
"15000742604","贵J21688"
"12598406956","皖R52463"
"14169457515","青Q92957"
"13572739240","黑A06406"
"11575440208","粤C02825"
"12590065978","川W71862"
"18391695588","甘C25875"
"12627172207","宁W06022"
"17759357361","豫F14465"
"17080089646","吉H04288"
"18666340069","川S50396"
"13639873556","陕V33989"
"10974129907","新H01186"
"15633419398","苏O83554"
"14139739780","闽T21180"
"17759357361","苏O81576"
"13619963022","琼U15855"
"15633419398","渝M92937"
"18481999653","藏I38695"
"13382684904","苏T93667"
"12534074203","蒙A34242"
"14632951971","京S99818"
"18686018483","渝K12595"
"11610272969","皖Q15108"
"12494330868","苏I81813"
"12758002624","蒙X13436"
"10990839358","陕E91281"
"16328965003","新X28578"
"17574150304","苏R72955"
"18686018483","鲁U76221"
"16090908535","鄂I56255"
"10974129907","鄂F25422"
"18840066473","渝P87599"
"10224595715","皖J22807"
"13332933108","赣W94749"
"16328965003","浙U34467"
"15419938698","冀F64883"
"13619963022","青E42153"
"17582890729","赣F97945"
"17582890729","琼Y73917"
"11610272969","贵I44092"
"10871735796","津I24187"
"11309496349","鲁L21511"
"13619963022","闽N55241"
"18502928984","渝M10389"
"18847208198","陕Q45971"
"12585334270","浙D01076"
"10126452953","陕M00926"
"16730865289","湘Q69571"
"10644062097","赣I85423"
"14632951971","吉Y39865"
"12585334270","藏U48775"
"12536682609","渝H05184"
"19624169317","云X52900"
"18686907235","宁X41369"
"14581925893","豫V42182"
"10990839358","闽X87455"
"17948165897","鲁Y45504"
"18686018483","宁L26719"
"12973176415","粤L42949"
"11575440208","渝R32889"
"11309496349","闽Z29213"
"15633419398","贵V21511"
"15330580986","晋D42088"
"12494330868","川F05579"
"12966375073","青D46186"
"18238767783","沪S42470"
"18166832026","皖J39709"
"11661110003","川K99553"
"12447099176","鲁W88743"
"10090924179","浙E36232"
"12494330868","苏S68882"
"11965225258","吉B94467"
"11167662102","贵Y60482"
"13636403606","湘R54030"
"15460483960","苏G56942"
"19479924357","川C65445"
"17906909181","苏T03425"
"18166832026","鄂C24042"
"17759357361","渝I49347"
"13332933108","豫A24123"
"13382684904","青L73588"
"11750982268","宁L03248"
"14169457515","云R74395"
"12447099176","辽A29672"
"10625835771","晋C42961"
"19625383283","辽G07764"
"16090908535","宁W10201"
"10742918430","陕K98075"
"13332933108","琼M20795"
"19479924357","鄂T40737"
"12973176415","赣X05115"
"18391695588","辽V67887"
"19983293835","琼J59761"
"14967879886","川C51094"
"10644062097","冀Q25277"
"15834325384","藏F91589"
"10112162377","鄂S14156"
"17488167359","甘H77313"
"17034107086","皖Z92686"
"14967879886","津Z60238"
"16554376209","甘I26778"
