"Dphone","Dname"
"18166832026","徐娜"
"12758002624","高娜"
"18829502036","周艳"
"17582890729","罗平"
"18686018483","陈霞"
"12177142935","周平"
"14361700964","黄敏"
"17034107086","何伟"
"14598897384","刘秀兰"
"13565170037","李芳"
"10224595715","何超"
"10550336289","高伟"
"11750982268","胡涛"
"16426616636","吴秀兰"
"12534074203","郭娜"
"17856314059","王秀英"
"10742918430","何明"
"11165565783","高霞"
"16554376209","吴霞"
"11538174168","王洋"
"16483910234","张芳"
"13639873556","王芳"
"14307063062","何军"
"15330580986","罗军"
"19479924357","李磊"
"11010034320","徐强"
"11167662102","高军"
"14632951971","胡超"
"17080089646","刘秀兰"
"18238767783","林军"
"19433035372","赵静"
"10796938754","高涛"
"12627172207","胡杰"
"18446426591","刘秀英"
"16328965003","徐丽"
"12536682609","周涛"
"12340356462","徐敏"
"11965225258","张超"
"12880582006","罗超"
"17482142110","黄秀英"
"16090908535","朱芳"
"12733843283","赵军"
"10112162377","朱娜"
"16730865289","郭杰"
"13382684904","郭平"
"12966375073","林勇"
"11970439103","朱静"
"13729485753","王敏"
"11535401142","何洋"
"14139739780","陈明"
"15553039915","何敏"
"19624169317","王强"
"16589028287","赵磊"
"11610272969","王杰"
"17860153953","黄伟"
"10090924179","张军"
"10871735796","孙伟"
"11817370593","胡磊"
"16295948114","林伟"
"18391695588","林磊"
"14581925893","马娜"
"19274056546","李勇"
"10740531519","刘勇"
"14029358499","朱磊"
"12598406956","罗伟"
"12494330868","王杰"
"12447099176","陈秀英"
"11661110003","胡霞"
"18847208198","周洋"
"11072873235","刘艳"
"15460483960","徐洋"
"16462977674","王杰"
"13572739240","陈敏"
"10974129907","刘军"
"18481999653","李强"
"12590065978","马勇"
"13332933108","罗静"
"14169457515","孙超"
"11309496349","黄杰"
"19983293835","杨平"
"15292405664","赵勇"
"17574150304","马超"
"17759357361","黄秀英"
"13636403606","何军"
"12973176415","杨涛"
"13292622503","孙丽"
"14118377264","刘勇"
"10644062097","刘伟"
"16673977773","徐伟"
"18979911916","朱秀兰"
"15633419398","徐芳"
"12054510105","孙洋"
"19625383283","罗丽"
"15834325384","赵静"
"10081162870","杨超"
"18840066473","王艳"
"14967879886","王敏"
"13619963022","孙洋"
"17488167359","王秀兰"
"15419938698","何洋"
"16257698089","陈洋"
"10990839358","何涛"
"17948165897","陈丽"
"10126452953","高超"
"17439792777","徐杰"
"11126140044","李杰"
"19320637702","马明"
"18502928984","张洋"
"12874895035","徐伟"
"11575440208","杨强"
"17906909181","王秀兰"
"15000742604","李勇"
"11059896831","胡娜"
"12585334270","朱勇"
"11802559116","杨丽"
"18666340069","罗艳"
"18686907235","张静"
"11842527223","马平"
"12145721807","周杰"
"10625835771","朱敏"
